{
  "0xdfc194c265639a90ac27d4050784b7b371b134fc": 27.387999999999998,
  "0x2ad78c4a6953df7c71e4b510015d1d2448fa2b15": 36,
  "0xd2af803ad747ea12acf5ae468056703ae48785b5": 97.85,
  "0xf91569595bcdaf780c3f1662f204e157949af8b2": 840.2213750000001,
  "0x268db6fca4d7d48f24a1039206ca652058c6085b": 44,
  "0xa842a116c1e88423f35f525a32095c80558be81e": 44,
  "0xcf88fa6ee6d111b04be9b06ef6fad6bd6691b88c": 28,
  "0x77d0b27052431163b355a611d74a4448ca24d22b": 352,
  "0x00000000005dbcb0d0513fcda746382fe8a53468": 268.716,
  "0x66b1de0f14a0ce971f7f248415063d44caf19398": 650,
  "0x8fac841807e21807f511daf3c04a34cd78661f4c": 18.149500000000003,
  "0x52a75580da8dbd285fceaa8d928962e7363acca1": 0.5945000000000168,
  "0x2e63e1c7fdf4a69edbd0a6045180d02faf241d4f": 56.000000000000014,
  "0x5b93ff82faaf241c15997ea3975419dddd8362c5": 27.300000000000004,
  "0xe13d4abee4b304b67c52a56871141cad1b833aa7": 0.5945000000000221,
  "0x6a1cf24c645db2e37141fa12e70cb67e56b336f3": 860.424,
  "0xbd9b7373aac15d9a93c810df3999343f4fe1ed88": 14.441500000000008,
  "0x2941022347348828a24a5ff33c775d67691681e9": 133.09999999999997,
  "0x97a46f7f48c0bf82aacb3c076b10c8379ab6b4bb": 28,
  "0x92938bee5f39fdef7b12f6c1a9a5a484e4fd6099": 28,
  "0x8bb37fb0f0462bb3fc8995cf17721f8e4a399629": 83.99999999999997,
  "0xce7298e5ef1ae8af0573edc2ebd03ab0f837e214": 889.0880000000005,
  "0x056590f16d5b314a132bbcfb1283fec5d5c6e670": 27.6,
  "0x0d832712eded614b917e4524d3597574a8ac9d51": 6.795999999999999,
  "0x8f942eced007bd3976927b7958b50df126feecb5": 1039.8042000000037,
  "0x892857d3a0e6ca504da54470a0d71593525ebc22": 77.10000000000001,
  "0x35764fd659509f60c9531f27fdb5305f85a1398b": 91.16200000000002,
  "0x986ccf030a018f8190e7cf488ba9fec8df058199": 5.436799999999995,
  "0xc8cbacc6450f9a4a6b925a54c7b70dde4d14d94f": 1987.52,
  "0xfec33a90737254dcf9aa33188a11f32797197f93": 5.436799999999997,
  "0xc29029de05bf135a90c19f31f866f8774a39dbb6": 49.85000000000001,
  "0x187dad1e0dd5e599091c2ec88e89afb4cde4b7a3": 5.436799999999995,
  "0x8f2df304fdf70bb480f1b2acfb7b57830103d8eb": 5.436799999999999,
  "0x1a5b3eb121846c9505e271067f6fef7fa7ebb5f1": 1200,
  "0x8c2e67bd3d0f432ef75d9ae6623cd0dfbce66050": 44,
  "0xbd22896a3c597a57c0eafdf47d3bf1e283110820": 228.12599999999998,
  "0x149fd340ca0df54228aacdad7755b05d0e2b23d9": 4056.386000000001,
  "0x2850c13d0e24793f5b6ef4766f30a3f745c0a8b9": 52.792,
  "0x87715066daf3c2e0a05085a2f1b6087b90aeaf82": 120,
  "0x6af6d6b3fba247129c32544b53106ab3bb772902": 347.9694000000002,
  "0x87e32d4631d728d6ad7ebcd133b11febc9da9b93": 134.3557561400007,
  "0x476547d8472407cb05acc4b3b8a5431871d0d072": 62.99999999999997,
  "0xb42c464652683b3e8c725e9aeae096c3179a4a5c": 93.8,
  "0xe04885c3f1419c6e8495c33bdcf5f8387cd88846": 55.99999999999999,
  "0xb7d49adb031d6dbdf3e8e28f21c6dd3b6f231cd5": 56,
  "0x6130a038b17f7ee8d28abd54415f2066c0e81b0b": 19.6,
  "0x1df428833f2c9fb1ef098754e5d710432450d706": 51.199,
  "0xcbdb72aacfb295f76347e2484f92c38d1a415f17": 10,
  "0x4426e7482c1b5e3489726c1be0d28169edd3c053": 13.8,
  "0x3d54f8fc89d83cf5524aa183d6c7c31598e36828": 28,
  "0x49a3cdde8c9f56634fc9b5d40527ae2ef7b1d2b2": 28.200000000000003,
  "0xeab5ecc6a488fc6896c5a9b45c5b6a1cdb3aff70": 8,
  "0x164ba6d1e6dd5f937908c34137d271ea3852c214": 28,
  "0xb88f65bd2493ba8e4fc15d9d0c3905d16874e9bc": 28,
  "0x850b57fa5e6cf7dd624ac9287a2c7c79b342d7a8": 42.041120940000006,
  "0x0eabffd8ce94ab2387fc44ba32642af0c58af433": 42.34661634,
  "0x30db01087febd7b67dc486812b322b4867cb8ca7": 43.602560819999994,
  "0x79926e8bcce923473ec81c047e71b749459c22f7": 44.04685236,
  "0x54021e58af1756dc70ce7034d7636de2d2f1fa74": 53.61988057999999,
  "0x12a0e25e62c1dbd32e505446062b26aecb65f028": 51.3863511,
  "0x4c5754438b86f2dc5f2a6eae256545a68fe85f0c": 52.195693913999996,
  "0x9fecf056375a973308bb3d6fb6b1c230cfd21456": 16.7995,
  "0xc94fcb4fc59d0cc11c1f07c238b8ff9ff99f27ca": 0.8494999999999999,
  "0xb2d60143097b4f992bfbe955a22dbb2acd9a8eab": 10.449999999999996,
  "0xe6c21d1bacadc972e2874ef5b6cd09f38051d83c": 240,
  "0xc785365dcce43c6fcc3912f3c1bd4edaaa3986f8": 8.699,
  "0x87b080b40a8de306cbfa457f5e1ac3af847d436d": 20.05,
  "0xf0967bbbba48dac35fef404ad6f9e170068dde35": 7.4,
  "0x7136fbddd4dffa2369a9283b6e90a040318011ca": 6.999999999999999,
  "0xe18979f2576856d4199c6abaf4ffdf5672d930bd": 4.2995,
  "0xfacef700458d4fc9746f7f3e0d37b462711ff09e": 60.029999999999994,
  "0x354f38e5b57ab49f09a102ccb7e57e3ba1bfaa5b": 3.45,
  "0xe703f231ab056ecb99c92a1232cc1020acfc72f8": 15.95,
  "0xd26a3f686d43f2a62ba9eae2ff77e9f516d945b9": 7.8495,
  "0xe36230acfb2b70f3925c404f613bbf84c7a4854b": 16.45,
  "0xe5625a6ee4908f67b7024849daf95f8fadcb89d5": 10.45,
  "0xcb42ac441fcade3935243ea118701f39aa004486": 7,
  "0x865c2f85c9fea1c6ac7f53de07554d68cb92ed88": 2.499999999999999,
  "0x92b406851390541f445b7c697014133d4b5bfce3": 1.6989999999999998,
  "0x9b1ae7168be6d618ce1ec5aeaab6f588afa18e54": 6.7495,
  "0xb2e1ce58a231a6a07f569344b81c2d54d86f606f": 14,
  "0x4c2aa5b415354e0e1f7ddc1993dff9005007131a": 15.699,
  "0x6f263097ba891c74176b6fb54f6f4c5946380db9": 10.349499999999999,
  "0xe38d978e500242e5e6df46be5dc1bd47cb06555f": 27.3
}
